이름,팀,월,타석,타수,득점,안타,2타,3타,홈런,루타,타점,도루,도실,볼넷,사구,고4,삼진,병살,희타,희비,타율,출루율,장타율,OPS
문성주,22L,4,75,60,10,26,7,1,0,35,6,3,2,11,0,0,9,3,3,1,0.433,0.514,0.583,1.097
한동희,22롯,4,101,89,16,38,9,0,7,68,22,0,0,10,1,1,8,3,0,1,0.427,0.485,0.764,1.249
한유섬,22S,4,103,86,17,34,13,1,3,58,27,0,0,12,4,2,17,0,0,1,0.395,0.485,0.674,1.16
피렐라,22삼,4,109,100,17,39,8,1,2,55,15,3,0,6,3,1,13,2,0,0,0.39,0.44,0.55,0.99
이대호,22롯,4,100,90,13,32,2,0,2,40,10,0,0,7,1,2,9,4,0,2,0.356,0.4,0.444,0.844
박건우,22N,4,107,94,11,33,5,0,1,41,16,0,3,9,2,0,13,2,0,2,0.351,0.411,0.436,0.847
최정,22S,4,78,67,12,23,4,0,2,33,11,1,0,8,2,0,13,0,0,1,0.343,0.423,0.493,0.916
류지혁,22기,4,66,62,8,21,2,0,1,26,10,0,0,4,0,0,13,0,0,0,0.339,0.379,0.419,0.798
김선빈,22기,4,99,87,11,29,7,0,1,39,10,2,1,11,0,0,7,4,1,0,0.333,0.408,0.448,0.856
나성범,22기,4,106,91,11,30,9,1,2,47,11,0,0,12,3,0,23,2,0,0,0.33,0.425,0.516,0.941
심우준,22K,4,75,61,11,20,0,0,0,20,5,5,1,10,1,0,11,0,3,0,0.328,0.431,0.328,0.758
전준우,22롯,4,84,77,12,25,3,0,1,31,11,1,2,4,1,1,9,3,0,2,0.325,0.357,0.403,0.76
이정후,22키,4,106,96,11,31,7,0,4,50,20,1,0,8,1,2,3,2,0,1,0.323,0.377,0.521,0.898
김인태,22두,4,107,90,12,29,2,0,1,34,12,1,0,15,2,1,13,1,0,0,0.322,0.43,0.378,0.808
허경민,22두,4,91,80,9,25,6,0,0,31,7,2,0,7,2,0,7,1,1,1,0.313,0.378,0.388,0.765
안치홍,22롯,4,100,94,15,29,8,2,1,44,8,1,1,5,0,0,8,2,0,1,0.309,0.34,0.468,0.808
터크먼,22한,4,108,98,12,30,7,0,1,40,4,8,0,9,0,0,20,2,0,1,0.306,0.361,0.408,0.769
노시환,22한,4,102,85,12,26,5,0,2,37,16,1,2,16,0,0,20,1,0,1,0.306,0.412,0.435,0.847
홍창기,22L,4,84,72,12,22,4,1,0,28,7,2,1,7,3,0,8,3,1,1,0.306,0.386,0.389,0.774
최지훈,22S,4,111,97,18,29,6,0,1,38,7,5,0,9,4,0,20,2,1,0,0.299,0.382,0.392,0.774
김현수,22L,4,105,91,16,27,5,0,5,47,16,0,1,11,3,3,12,1,0,0,0.297,0.391,0.516,0.907
페르난데스,22두,4,103,95,6,28,5,0,0,33,10,0,0,7,0,0,12,9,0,1,0.295,0.34,0.347,0.687
박성한,22S,4,93,85,10,25,3,2,2,38,12,1,1,7,0,0,19,0,1,0,0.294,0.348,0.447,0.795
오윤석,22K,4,75,65,8,19,5,0,1,27,11,1,1,7,2,0,20,2,0,1,0.292,0.373,0.415,0.789
손아섭,22N,4,113,100,10,29,6,0,0,35,5,1,1,10,1,1,17,0,0,2,0.29,0.354,0.35,0.704
황재균,22K,4,111,98,11,28,5,1,2,41,11,3,1,11,1,1,18,1,1,0,0.286,0.364,0.418,0.782
김혜성,22키,4,112,107,13,30,3,1,0,35,10,8,1,5,0,0,22,3,0,0,0.28,0.313,0.327,0.64
유강남,22L,4,94,86,7,24,3,0,1,30,12,0,0,6,1,0,24,1,1,0,0.279,0.333,0.349,0.682
김강민,22S,4,62,54,5,15,2,0,0,17,4,1,2,6,1,0,10,1,0,1,0.278,0.355,0.315,0.67
김민혁,22K,4,91,83,12,23,3,0,0,26,8,2,1,7,0,0,13,1,0,1,0.277,0.33,0.313,0.643
박동원,22기,4,60,51,5,14,5,0,2,25,7,0,0,9,0,1,12,0,0,0,0.275,0.383,0.49,0.874
문보경,22L,4,75,69,8,18,1,0,2,25,10,0,0,4,1,0,14,2,0,1,0.261,0.307,0.362,0.669
황대인,22기,4,99,89,4,23,4,0,1,30,13,0,0,5,4,0,18,4,0,1,0.258,0.323,0.337,0.66
크론,22S,4,104,98,8,25,6,0,4,43,17,0,0,3,1,0,24,0,0,2,0.255,0.279,0.439,0.718
김지찬,22삼,4,86,71,14,18,0,2,0,22,3,6,0,11,0,0,14,0,4,0,0.254,0.354,0.31,0.664
라모스,22K,4,80,72,10,18,1,1,3,30,11,2,0,4,2,0,18,2,1,1,0.25,0.304,0.417,0.721
박병호,22K,4,90,80,10,20,2,0,5,37,13,2,0,5,5,0,32,2,0,0,0.25,0.333,0.463,0.796
마티니,22N,4,105,89,11,22,5,1,3,38,15,0,0,14,1,1,22,1,0,1,0.247,0.352,0.427,0.779
노수광,22한,4,72,65,2,16,3,1,0,21,7,7,2,3,0,0,26,0,3,1,0.246,0.275,0.323,0.598
안재석,22두,4,69,61,5,15,1,0,0,16,2,3,0,5,2,0,20,2,1,0,0.246,0.324,0.262,0.586
이학주,22롯,4,71,61,7,15,2,0,0,17,3,0,1,5,1,0,14,0,4,0,0.246,0.313,0.279,0.592
최형우,22기,4,96,74,4,18,5,0,0,23,8,0,0,20,1,1,13,2,0,1,0.243,0.406,0.311,0.717
박찬혁,22키,4,87,79,11,19,3,0,5,37,9,0,1,6,2,0,38,0,0,0,0.241,0.31,0.468,0.779
정훈,22롯,4,104,84,13,20,0,0,1,23,8,1,1,17,0,0,14,2,2,1,0.238,0.363,0.274,0.637
이성곤,22한,4,72,60,4,14,3,0,0,17,4,1,1,12,0,0,19,0,0,0,0.233,0.361,0.283,0.644
푸이그,22키,4,103,90,12,21,4,0,3,34,11,3,0,10,3,1,18,2,0,0,0.233,0.33,0.378,0.708
김재환,22두,4,104,96,10,22,8,0,3,39,13,0,0,7,1,0,24,0,0,0,0.229,0.289,0.406,0.695
구자욱,22삼,4,76,70,9,16,3,1,0,21,5,1,1,3,3,0,16,3,0,0,0.229,0.29,0.3,0.59
정수빈,22두,4,78,70,9,16,1,2,0,21,9,7,2,5,0,0,11,0,2,1,0.229,0.276,0.3,0.576
조용호,22K,4,71,66,5,15,1,0,0,16,0,0,1,5,0,0,11,1,0,0,0.227,0.282,0.242,0.524
소크라테스,22기,4,103,97,12,22,7,2,1,36,9,1,1,6,0,0,26,3,0,0,0.227,0.272,0.371,0.643
하주석,22한,4,102,93,9,21,2,0,0,23,9,6,2,8,1,0,29,0,0,0,0.226,0.294,0.247,0.541
강진성,22두,4,60,49,5,11,2,0,1,16,7,3,0,9,2,1,13,1,0,0,0.224,0.367,0.327,0.693
이재현,22삼,4,70,67,9,15,2,0,1,20,5,0,0,1,1,0,18,1,1,0,0.224,0.246,0.299,0.545
김주형,22키,4,91,77,10,17,5,1,1,27,4,1,0,2,11,0,22,1,0,1,0.221,0.33,0.351,0.68
이용규,22키,4,110,91,14,20,3,0,0,23,8,4,2,16,0,0,9,0,1,2,0.22,0.33,0.253,0.583
배정대,22K,4,79,73,4,16,2,0,0,18,4,2,1,4,1,0,14,0,1,0,0.219,0.269,0.247,0.516
장성우,22K,4,86,73,8,16,4,0,4,32,10,0,0,12,1,0,15,3,0,0,0.219,0.337,0.438,0.776
오재일,22삼,4,85,73,7,16,7,0,2,29,13,0,0,11,0,1,18,1,0,1,0.219,0.318,0.397,0.715
오지환,22L,4,97,92,11,20,3,1,3,34,11,3,0,4,0,0,17,2,1,0,0.217,0.25,0.37,0.62
정은원,22한,4,98,89,12,19,3,1,2,30,6,3,0,9,0,0,17,1,0,0,0.213,0.286,0.337,0.623
전병우,22키,4,91,75,5,16,4,0,1,23,3,0,0,9,3,0,19,1,3,1,0.213,0.318,0.307,0.625
서호철,22N,4,64,61,6,13,3,0,0,16,4,1,1,2,0,0,14,3,1,0,0.213,0.238,0.262,0.5
오영수,22N,4,80,72,4,15,4,0,0,19,6,0,1,7,0,0,21,0,0,1,0.208,0.275,0.264,0.539
노진혁,22N,4,77,68,7,14,3,0,1,20,7,0,0,8,0,0,19,4,0,1,0.206,0.286,0.294,0.58
서건창,22L,4,81,75,10,15,4,0,1,22,7,3,1,4,0,0,15,2,1,1,0.2,0.238,0.293,0.531
박준영,22N,4,94,80,9,16,3,0,2,25,8,2,1,12,0,0,20,1,2,0,0.2,0.304,0.313,0.617
김태연,22한,4,97,86,8,17,1,0,1,21,12,0,0,9,1,0,25,2,0,1,0.198,0.278,0.244,0.523
강민호,22삼,4,88,76,7,15,0,0,1,18,12,0,0,9,1,1,10,5,0,2,0.197,0.284,0.237,0.521
추신수,22S,4,79,61,12,12,3,0,1,18,4,2,3,14,4,0,15,0,0,0,0.197,0.38,0.295,0.675
피터스,22롯,4,103,94,6,18,6,0,3,33,11,1,0,8,1,0,30,1,0,0,0.191,0.262,0.351,0.613
박해민,22L,4,110,93,12,17,1,1,0,20,4,5,2,13,2,0,25,0,2,0,0.183,0.296,0.215,0.511
김성현,22S,4,60,50,5,9,1,1,0,12,6,0,0,6,0,0,6,3,3,1,0.18,0.263,0.24,0.503
김도영,22기,4,88,84,11,15,3,1,0,20,4,1,0,2,1,0,24,0,1,0,0.179,0.207,0.238,0.445
김상수,22삼,4,66,57,6,10,3,0,1,16,10,1,0,9,0,0,10,1,0,0,0.175,0.288,0.281,0.569
최재훈,22한,4,97,75,9,13,2,0,0,15,1,0,0,16,6,0,17,4,0,0,0.173,0.361,0.2,0.561
김석환,22기,4,61,52,10,9,1,0,1,13,3,0,0,7,2,0,12,1,0,0,0.173,0.295,0.25,0.545
루이즈,22L,4,85,76,8,13,4,1,1,22,5,1,0,8,0,0,12,4,0,1,0.171,0.247,0.289,0.537
송성문,22키,4,102,97,6,15,6,1,2,29,10,0,0,4,0,0,17,1,0,1,0.155,0.186,0.299,0.485
양의지,22N,4,75,60,4,9,2,0,2,17,8,1,0,10,5,0,11,2,0,0,0.15,0.32,0.283,0.603
최주환,22S,4,85,75,7,11,2,1,1,18,14,0,0,7,2,1,13,2,0,1,0.147,0.235,0.24,0.475
김헌곤,22삼,4,60,55,5,8,2,0,0,10,3,1,0,4,0,0,6,3,0,1,0.145,0.2,0.182,0.382
박세혁,22두,4,65,60,7,8,2,0,0,10,2,0,1,2,2,0,11,1,1,0,0.133,0.188,0.167,0.354
소크라테스,22기,5,114,106,20,44,9,3,5,74,28,4,2,6,1,3,10,2,0,1,0.415,0.447,0.698,1.146
피렐라,22삼,5,95,80,17,33,3,2,5,55,17,3,2,14,1,4,6,5,0,0,0.413,0.505,0.688,1.193
박성한,22S,5,98,82,16,30,2,0,0,32,9,2,4,16,0,0,8,2,0,0,0.366,0.469,0.39,0.86
이대호,22롯,5,98,93,8,33,4,0,4,49,13,0,0,5,0,0,11,2,0,0,0.355,0.388,0.527,0.915
김준태,22K,5,67,57,8,20,7,1,0,29,8,0,0,9,0,0,17,1,0,1,0.351,0.433,0.509,0.942
마티니,22N,5,109,99,12,34,8,0,5,57,16,1,0,8,1,1,14,4,0,1,0.343,0.395,0.576,0.97
손아섭,22N,5,114,102,13,35,10,0,1,48,8,2,1,10,1,0,13,0,0,1,0.343,0.404,0.471,0.874
조용호,22K,5,109,98,10,33,6,0,0,39,8,2,1,9,2,3,21,0,0,0,0.337,0.404,0.398,0.802
홍창기,22L,5,116,101,14,34,2,1,0,38,15,1,2,11,1,0,17,0,0,3,0.337,0.397,0.376,0.773
나성범,22기,5,120,99,23,33,4,0,6,55,26,3,0,14,5,1,22,2,0,2,0.333,0.433,0.556,0.989
채은성,22L,5,111,99,7,33,6,0,1,42,16,2,1,7,3,0,12,3,0,2,0.333,0.387,0.424,0.812
최지훈,22S,5,110,96,14,32,8,2,2,50,10,2,2,9,1,0,12,1,3,1,0.333,0.393,0.521,0.913
이정후,22키,5,104,91,15,30,6,2,2,46,11,1,0,12,0,4,3,3,0,1,0.33,0.404,0.505,0.909
페르난데스,22두,5,102,95,16,31,8,0,2,45,15,0,0,7,0,0,7,8,0,0,0.326,0.373,0.474,0.846
류지혁,22기,5,92,74,17,24,6,0,1,33,10,2,1,13,3,0,14,2,1,1,0.324,0.44,0.446,0.886
양의지,22N,5,87,71,11,23,4,0,4,39,17,0,0,11,3,3,11,5,0,2,0.324,0.425,0.549,0.975
박해민,22L,5,113,100,17,32,2,1,1,39,13,4,1,7,3,0,9,3,1,2,0.32,0.375,0.39,0.765
이재원,22L,5,76,66,12,21,2,2,5,42,15,1,1,6,4,1,21,1,0,0,0.318,0.408,0.636,1.044
전준우,22롯,5,75,70,15,22,5,0,1,30,6,2,1,5,0,0,11,1,0,0,0.314,0.36,0.429,0.789
허경민,22두,5,94,80,16,25,6,0,1,34,18,3,0,7,4,0,7,6,1,2,0.313,0.387,0.425,0.812
황대인,22기,5,100,93,11,29,4,0,7,54,31,0,0,3,2,0,18,4,0,2,0.312,0.34,0.581,0.921
오재일,22삼,5,100,90,14,28,7,0,9,62,22,0,0,8,0,2,28,1,0,2,0.311,0.36,0.689,1.049
송성문,22키,5,110,100,16,31,6,2,3,50,20,0,0,8,0,2,13,1,0,2,0.31,0.355,0.5,0.855
김현수,22L,5,108,97,18,30,9,0,5,54,20,0,0,11,0,1,9,2,0,0,0.309,0.38,0.557,0.936
김혜성,22키,5,112,97,18,30,4,3,2,46,18,9,2,13,0,0,14,1,0,2,0.309,0.384,0.474,0.858
오태곤,22S,5,89,81,14,25,7,0,1,35,11,4,1,4,3,0,19,1,0,1,0.309,0.36,0.432,0.792
김태진,22키,5,84,78,14,24,2,0,0,26,4,0,2,4,0,0,7,0,1,1,0.308,0.337,0.333,0.671
김지찬,22삼,5,100,88,13,27,4,2,0,35,11,11,0,10,0,0,9,0,2,0,0.307,0.378,0.398,0.775
박건우,22N,5,87,75,9,23,5,0,2,34,14,0,0,9,2,0,13,2,0,1,0.307,0.391,0.453,0.844
안치홍,22롯,5,104,89,14,27,3,0,8,54,17,1,1,12,1,1,8,1,1,1,0.303,0.388,0.607,0.995
안권수,22두,5,109,94,21,28,1,0,0,29,4,2,3,15,0,0,19,3,0,0,0.298,0.395,0.309,0.703
김선빈,22기,5,109,86,15,25,4,0,0,29,7,4,0,18,3,0,13,2,1,1,0.291,0.426,0.337,0.763
터크먼,22한,5,115,100,19,29,6,2,1,42,6,4,2,11,3,2,22,5,0,1,0.29,0.374,0.42,0.794
김인환,22한,5,90,83,11,24,4,0,5,43,14,0,0,6,0,0,24,1,0,1,0.289,0.333,0.518,0.851
오지환,22L,5,103,90,16,26,2,0,7,49,17,3,1,9,2,1,19,3,2,0,0.289,0.366,0.544,0.911
노시환,22한,5,110,95,16,27,5,1,1,37,14,1,0,13,2,0,22,4,0,0,0.284,0.382,0.389,0.771
이명기,22N,5,92,82,6,23,6,0,0,29,6,1,1,5,2,0,13,3,2,1,0.28,0.333,0.354,0.687
정은원,22한,5,111,95,16,26,4,0,2,36,13,1,0,14,0,0,29,2,1,1,0.274,0.364,0.379,0.743
박병호,22K,5,107,95,16,26,3,0,11,62,28,1,0,9,1,1,26,2,0,2,0.274,0.336,0.653,0.989
황재균,22K,5,91,81,8,22,5,0,1,30,13,0,1,9,0,1,16,4,0,1,0.272,0.341,0.37,0.711
강승호,22두,5,115,104,15,28,9,0,2,43,21,3,1,8,1,0,15,2,1,1,0.269,0.325,0.413,0.738
추신수,22S,5,111,86,19,23,1,0,4,36,13,2,0,20,4,1,18,1,0,1,0.267,0.423,0.419,0.842
한유섬,22S,5,100,86,11,23,6,0,3,38,18,0,0,12,2,4,23,1,0,0,0.267,0.37,0.442,0.812
장성우,22K,5,82,68,8,18,2,0,2,26,4,0,0,14,0,0,15,2,0,0,0.265,0.39,0.382,0.773
이지영,22키,5,84,76,10,20,3,1,0,25,8,0,0,7,0,0,8,3,1,0,0.263,0.325,0.329,0.654
박찬호,22기,5,109,96,15,25,7,0,0,32,8,4,2,10,0,0,9,5,1,2,0.26,0.324,0.333,0.657
김민혁,22K,5,92,77,9,20,0,1,0,22,10,1,1,10,0,0,14,1,4,1,0.26,0.341,0.286,0.627
정수빈,22두,5,90,81,13,21,3,0,0,24,7,3,1,7,0,0,16,0,2,0,0.259,0.318,0.296,0.615
박세혁,22두,5,90,74,4,19,4,0,0,23,17,0,0,10,0,0,11,1,3,3,0.257,0.333,0.311,0.644
노진혁,22N,5,76,67,8,17,3,0,3,29,11,0,0,9,0,0,22,2,0,0,0.254,0.342,0.433,0.775
크론,22S,5,111,104,13,26,6,1,7,55,18,0,0,3,2,0,31,3,0,2,0.25,0.279,0.529,0.808
이진영,22한,5,86,81,16,20,6,0,6,44,16,1,1,4,0,0,33,2,0,1,0.247,0.279,0.543,0.822
김헌곤,22삼,5,81,77,8,19,1,0,0,20,7,1,1,2,1,0,7,4,1,0,0.247,0.275,0.26,0.535
노수광,22한,5,75,65,9,16,3,4,1,30,10,1,2,9,0,1,18,0,1,0,0.246,0.338,0.462,0.799
피터스,22롯,5,107,94,11,23,5,0,7,49,23,4,2,5,4,1,17,2,0,4,0.245,0.299,0.521,0.82
박민우,22N,5,106,96,9,23,6,0,1,32,6,3,2,6,3,1,14,2,0,1,0.24,0.302,0.333,0.635
이재현,22삼,5,72,71,6,17,0,0,2,23,5,0,0,0,0,0,10,3,1,0,0.239,0.239,0.324,0.563
배정대,22K,5,104,88,13,21,4,0,1,28,4,6,0,13,1,0,21,0,1,1,0.239,0.34,0.318,0.658
하주석,22한,5,79,72,9,17,1,0,3,27,17,4,0,5,1,1,21,0,0,1,0.236,0.291,0.375,0.666
오윤석,22K,5,71,60,2,14,2,0,0,16,4,1,0,7,1,0,11,2,1,2,0.233,0.314,0.267,0.581
강민호,22삼,5,73,65,3,15,4,0,0,19,9,0,0,6,1,2,9,2,0,1,0.231,0.301,0.292,0.594
최재훈,22한,5,81,72,5,16,0,0,0,16,5,0,0,6,1,0,13,2,1,1,0.222,0.288,0.222,0.51
한동희,22롯,5,72,68,5,15,3,0,1,21,4,0,0,3,1,0,12,1,0,0,0.221,0.264,0.309,0.573
최형우,22기,5,99,82,13,17,3,0,2,26,11,0,0,17,0,3,20,2,0,0,0.207,0.343,0.317,0.661
최정,22S,5,103,87,15,18,2,0,4,32,13,2,0,13,1,0,23,3,0,2,0.207,0.311,0.368,0.679
김재환,22두,5,100,78,11,16,2,1,5,35,12,1,0,20,1,1,22,1,0,1,0.205,0.37,0.449,0.819
박동원,22기,5,97,83,13,17,3,0,4,32,7,0,0,6,5,0,19,2,2,1,0.205,0.295,0.386,0.68
푸이그,22키,5,114,98,14,20,7,0,3,36,15,2,0,12,3,0,27,0,0,1,0.204,0.307,0.367,0.674
이원석,22삼,5,103,87,7,17,3,0,1,23,13,0,0,9,0,1,26,5,2,5,0.195,0.257,0.264,0.522
심우준,22K,5,74,64,9,12,1,1,0,15,5,6,1,6,0,0,11,4,3,1,0.188,0.254,0.234,0.488
유강남,22L,5,86,70,16,13,4,0,1,20,8,0,0,14,1,0,13,2,0,1,0.186,0.326,0.286,0.611
이학주,22롯,5,78,72,6,13,3,1,0,18,4,2,0,3,0,0,16,2,3,0,0.181,0.213,0.25,0.463
문보경,22L,6,64,56,10,25,6,0,1,34,6,1,0,8,0,0,4,1,0,0,0.446,0.516,0.607,1.123
최정,22S,6,74,55,19,23,3,0,4,38,20,3,0,13,5,1,15,0,0,1,0.418,0.554,0.691,1.245
정은원,22한,6,97,79,9,31,4,1,1,40,13,1,0,16,0,0,11,4,0,2,0.392,0.485,0.506,0.991
이정후,22키,6,117,97,16,38,3,1,8,67,27,0,0,19,1,4,9,2,0,0,0.392,0.496,0.691,1.186
박해민,22L,6,97,84,18,30,5,1,1,40,10,6,0,9,0,0,6,0,3,1,0.357,0.415,0.476,0.891
안권수,22두,6,88,82,15,29,4,2,0,37,8,0,0,5,0,0,13,2,1,0,0.354,0.391,0.451,0.842
조용호,22K,6,72,60,8,21,2,2,1,30,6,0,2,12,0,0,10,0,0,0,0.35,0.458,0.5,0.958
김재성,22삼,6,60,52,3,18,2,0,1,23,9,0,0,5,0,0,11,2,1,2,0.346,0.39,0.442,0.832
소크라테스,22기,6,105,96,21,33,4,1,5,54,9,4,0,9,0,1,14,1,0,0,0.344,0.4,0.563,0.963
이대호,22롯,6,96,88,6,30,7,0,3,46,18,0,0,6,0,1,9,4,0,2,0.341,0.375,0.523,0.898
김현준,22삼,6,91,77,14,26,6,1,0,34,8,4,2,10,2,0,11,0,2,0,0.338,0.427,0.442,0.869
송성문,22키,6,108,102,13,34,3,0,2,43,15,0,0,6,0,0,8,2,0,0,0.333,0.37,0.422,0.792
전의산,22S,6,71,66,12,22,8,1,3,41,17,0,0,5,0,0,16,2,0,0,0.333,0.38,0.621,1.002
전준우,22롯,6,83,75,10,25,8,1,3,44,20,0,0,5,0,0,16,3,0,3,0.333,0.361,0.587,0.948
추신수,22S,6,101,86,15,27,7,0,1,37,13,3,0,13,2,0,22,3,0,0,0.314,0.416,0.43,0.846
손아섭,22N,6,91,83,10,26,5,2,3,44,11,0,1,6,0,0,11,0,0,2,0.313,0.352,0.53,0.882
터크먼,22한,6,103,96,16,30,4,1,2,42,6,2,4,7,0,0,13,0,0,0,0.313,0.359,0.438,0.797
페르난데스,22두,6,103,90,13,28,3,0,4,43,22,0,0,9,2,0,8,4,0,2,0.311,0.379,0.478,0.856
안치홍,22롯,6,103,94,17,29,7,0,1,39,11,0,0,9,0,2,10,4,0,0,0.309,0.369,0.415,0.784
배정대,22K,6,97,85,8,26,5,0,1,34,10,1,1,10,0,0,23,0,1,1,0.306,0.375,0.4,0.775
박성한,22S,6,96,86,9,26,2,0,0,28,8,4,0,8,1,0,16,0,0,1,0.302,0.365,0.326,0.69
최지훈,22S,6,110,97,19,29,3,1,1,37,12,8,1,9,0,0,14,0,2,2,0.299,0.352,0.381,0.733
홍창기,22L,6,99,81,20,24,7,2,1,38,10,1,1,12,6,0,12,1,0,0,0.296,0.424,0.469,0.893
마티니,22N,6,81,71,5,21,6,0,2,33,13,2,1,6,2,1,13,0,0,2,0.296,0.358,0.465,0.823
김준태,22K,6,62,51,8,15,3,0,2,24,5,0,0,10,0,0,17,0,0,1,0.294,0.403,0.471,0.874
이호연,22롯,6,79,75,8,22,4,1,1,31,9,1,0,3,1,0,15,3,0,0,0.293,0.329,0.413,0.742
이해승,22삼,6,81,76,9,22,3,0,0,25,5,0,0,0,0,0,18,1,5,0,0.289,0.29,0.329,0.618
황성빈,22롯,6,90,77,16,22,1,1,0,25,4,3,1,9,1,0,12,0,3,0,0.286,0.368,0.325,0.693
박세혁,22두,6,73,60,6,17,5,1,0,24,7,0,0,9,2,0,9,0,1,1,0.283,0.389,0.4,0.789
오재일,22삼,6,101,85,7,24,3,0,1,30,9,2,0,15,0,1,23,0,0,1,0.282,0.386,0.353,0.739
김태연,22한,6,77,71,10,20,5,0,1,28,9,2,2,4,1,0,19,3,1,0,0.282,0.329,0.394,0.723
김재환,22두,6,93,79,15,22,6,0,4,40,14,0,0,14,0,2,20,1,0,0,0.278,0.387,0.506,0.893
박찬호,22기,6,105,94,11,26,4,0,1,33,16,7,3,8,0,0,12,0,1,2,0.277,0.327,0.351,0.678
김현수,22L,6,100,91,13,25,1,1,4,40,21,2,0,8,1,1,11,1,0,0,0.275,0.34,0.44,0.78
한동희,22롯,6,64,59,7,16,5,0,1,24,11,0,0,3,2,0,8,2,0,0,0.271,0.328,0.407,0.735
김혜성,22키,6,109,93,17,25,0,0,0,25,1,11,1,16,0,2,17,2,0,0,0.269,0.376,0.269,0.645
강민호,22삼,6,62,60,4,16,4,1,1,25,7,0,0,2,0,0,10,5,0,0,0.267,0.29,0.417,0.707
이창진,22기,6,101,87,9,23,4,0,2,33,16,1,0,10,0,0,16,1,2,2,0.264,0.333,0.379,0.713
김인환,22한,6,84,80,9,21,2,0,2,29,10,1,0,4,0,0,23,1,0,0,0.263,0.298,0.363,0.66
채은성,22L,6,92,80,10,21,2,1,3,34,17,0,1,5,5,0,15,0,0,2,0.263,0.337,0.425,0.762
권희동,22N,6,82,73,7,19,2,1,2,29,6,0,0,8,0,0,9,0,1,0,0.26,0.333,0.397,0.731
유강남,22L,6,73,66,10,17,3,0,0,20,3,0,0,4,2,1,16,2,1,0,0.258,0.319,0.303,0.623
오선진,22삼,6,99,86,8,22,2,0,2,30,12,1,1,7,0,0,20,2,6,0,0.256,0.312,0.349,0.661
문성주,22L,6,65,55,6,14,1,1,1,20,6,3,1,6,2,1,5,1,2,0,0.255,0.349,0.364,0.713
양의지,22N,6,88,79,12,20,5,0,3,34,11,0,0,8,0,1,6,2,0,1,0.253,0.318,0.43,0.749
김휘집,22키,6,94,80,10,20,1,0,1,24,7,0,0,9,3,0,30,1,1,1,0.25,0.344,0.3,0.644
박동원,22기,6,80,68,11,17,6,0,3,32,15,1,0,10,1,2,13,3,1,0,0.25,0.354,0.471,0.825
강백호,22K,6,91,80,13,20,6,0,3,35,10,0,0,9,1,2,14,0,0,1,0.25,0.33,0.438,0.767
나성범,22기,6,109,93,12,23,9,0,3,41,12,1,0,13,2,0,26,0,0,1,0.247,0.349,0.441,0.79
박병호,22K,6,96,89,18,22,6,0,10,58,22,0,0,6,1,0,28,1,0,0,0.247,0.302,0.652,0.954
양석환,22두,6,91,81,12,20,2,1,2,30,10,0,0,8,1,1,16,1,0,1,0.247,0.319,0.37,0.689
최재훈,22한,6,70,61,7,15,5,0,1,23,8,1,0,3,3,0,9,1,1,1,0.246,0.309,0.377,0.686
김민혁,22K,6,75,61,10,15,1,0,0,16,5,0,2,6,1,0,9,3,6,1,0.246,0.319,0.262,0.581
심우준,22K,6,81,74,12,18,3,1,1,26,4,0,0,5,0,0,16,3,1,1,0.243,0.288,0.351,0.639
김선빈,22기,6,105,91,7,22,2,0,1,27,8,0,0,9,2,0,6,1,2,0,0.242,0.324,0.297,0.62
오지환,22L,6,89,77,8,18,5,0,1,26,10,4,1,10,1,1,13,0,0,1,0.234,0.326,0.338,0.664
황재균,22K,6,98,87,10,20,4,0,2,30,10,1,0,10,0,0,13,4,1,0,0.23,0.309,0.345,0.654
오태곤,22S,6,62,57,4,13,1,0,0,14,2,3,1,4,0,1,16,1,1,0,0.228,0.279,0.246,0.524
이지영,22키,6,94,88,7,20,2,0,1,25,10,1,0,6,0,1,12,1,0,0,0.227,0.277,0.284,0.561
박민우,22N,6,90,81,8,18,6,0,0,24,6,3,0,8,0,1,11,1,1,0,0.222,0.292,0.296,0.588
최형우,22기,6,90,78,10,17,6,0,5,38,13,0,0,12,0,0,16,3,0,0,0.218,0.322,0.487,0.809
피렐라,22삼,6,111,97,13,21,3,0,5,39,16,1,0,11,3,3,14,4,0,0,0.216,0.315,0.402,0.717
박정현,22한,6,71,70,6,15,0,0,0,15,5,2,1,1,0,0,17,2,0,0,0.214,0.225,0.214,0.44
피터스,22롯,6,98,86,11,18,3,0,2,27,9,0,2,10,2,0,22,1,0,0,0.209,0.306,0.314,0.62
오윤석,22K,6,66,53,4,11,1,0,2,18,11,0,0,9,1,0,8,2,2,1,0.208,0.328,0.34,0.668
김수환,22키,6,83,68,9,14,1,0,3,24,5,0,0,12,2,0,27,0,1,0,0.206,0.342,0.353,0.694
황대인,22기,6,96,88,6,18,4,0,1,25,9,0,0,8,0,0,16,2,0,0,0.205,0.271,0.284,0.555
강승호,22두,6,95,89,8,18,1,0,1,22,13,1,1,4,0,0,21,2,0,2,0.202,0.232,0.247,0.479
정수빈,22두,6,62,55,11,11,1,1,0,14,5,2,1,7,0,0,3,0,0,0,0.2,0.29,0.255,0.545
김준완,22키,6,113,87,13,17,3,1,0,22,7,0,0,20,3,0,16,1,2,1,0.195,0.36,0.253,0.613
한유섬,22S,6,89,80,8,15,3,0,4,30,18,1,0,6,2,0,33,1,0,1,0.188,0.258,0.375,0.633
김주원,22N,6,59,50,6,9,1,1,2,18,4,1,0,5,1,0,22,1,3,0,0.18,0.268,0.36,0.628
이진영,22한,6,82,73,8,13,2,1,1,20,10,0,1,7,0,0,28,1,0,2,0.178,0.244,0.274,0.518
류지혁,22기,6,79,65,6,11,2,0,0,13,4,1,0,12,0,0,15,3,1,1,0.169,0.295,0.2,0.495
이명기,22N,6,63,56,3,8,1,1,0,11,2,1,1,5,0,0,14,0,1,1,0.143,0.21,0.196,0.406
이창진,22기,7,67,63,15,30,5,0,0,35,9,2,0,2,0,0,11,0,2,0,0.476,0.492,0.556,1.048
박건우,22N,7,49,45,5,19,0,0,2,25,7,0,0,4,0,1,6,1,0,0,0.422,0.469,0.556,1.025
노진혁,22N,7,61,53,8,22,7,0,0,29,12,1,0,7,0,1,11,1,0,1,0.415,0.475,0.547,1.023
하주석,22한,7,72,68,10,28,3,2,1,38,12,1,1,3,0,0,14,0,1,0,0.412,0.437,0.559,0.995
나성범,22기,7,83,70,15,27,6,1,4,47,20,0,0,6,5,2,15,1,0,2,0.386,0.458,0.671,1.129
박민우,22N,7,76,63,13,24,4,0,2,34,15,7,1,7,3,0,11,1,2,1,0.381,0.46,0.54,0.999
채은성,22L,7,69,62,10,23,6,0,5,44,16,0,0,5,2,2,13,0,0,0,0.371,0.435,0.71,1.145
조용호,22K,7,62,54,11,20,2,0,0,22,7,0,0,6,1,0,10,0,0,1,0.37,0.436,0.407,0.843
문성주,22L,7,90,73,16,27,2,1,2,37,14,2,1,14,0,0,4,2,3,0,0.37,0.471,0.507,0.978
피렐라,22삼,7,90,84,21,31,5,0,6,54,17,1,1,4,2,1,17,1,0,0,0.369,0.411,0.643,1.054
김재성,22삼,7,51,44,5,16,4,0,0,20,9,0,0,6,1,0,16,0,0,0,0.364,0.451,0.455,0.906
페르난데스,22두,7,81,75,8,27,2,0,0,29,10,0,0,5,0,0,7,4,0,1,0.36,0.395,0.387,0.782
박성한,22S,7,81,69,7,24,5,1,0,31,16,4,2,9,0,1,10,1,3,0,0.348,0.423,0.449,0.872
박세혁,22두,7,55,49,6,17,2,0,2,25,8,1,0,3,2,0,11,1,1,0,0.347,0.407,0.51,0.918
한동희,22롯,7,87,81,4,28,4,0,2,38,12,0,0,5,0,1,8,2,0,1,0.346,0.379,0.469,0.848
김혜성,22키,7,85,81,16,27,5,1,1,37,8,2,1,3,0,0,11,1,0,1,0.333,0.353,0.457,0.81
전준우,22롯,7,85,77,12,25,8,0,3,42,17,1,0,5,0,0,14,4,0,3,0.325,0.353,0.545,0.898
알포드,22K,7,76,63,13,20,3,1,3,34,14,2,0,12,0,0,18,0,0,1,0.317,0.421,0.54,0.961
푸이그,22키,7,57,51,4,16,2,0,2,24,7,0,0,5,1,0,12,1,0,0,0.314,0.386,0.471,0.857
김인환,22한,7,84,77,13,24,1,0,6,43,13,0,0,4,2,2,16,0,0,1,0.312,0.357,0.558,0.916
박해민,22L,7,93,84,16,26,4,1,0,32,7,2,0,6,2,0,13,1,0,1,0.31,0.366,0.381,0.747
마티니,22N,7,78,65,9,20,2,0,2,28,12,4,1,6,4,1,8,0,0,3,0.308,0.385,0.431,0.815
오선진,22삼,7,72,62,9,19,2,0,0,21,2,0,0,4,2,0,9,3,4,0,0.306,0.368,0.339,0.706
오재일,22삼,7,69,62,9,19,8,0,2,33,17,0,1,5,0,1,20,0,0,2,0.306,0.348,0.532,0.88
박찬호,22기,7,79,69,18,21,3,0,1,27,3,6,0,8,0,0,8,1,2,0,0.304,0.377,0.391,0.768
김현준,22삼,7,95,87,9,26,3,0,0,29,2,1,0,8,0,0,20,1,0,0,0.299,0.358,0.333,0.691
황대인,22기,7,73,61,8,18,6,0,1,27,17,0,0,11,0,0,10,3,0,1,0.295,0.397,0.443,0.84
박병호,22K,7,73,61,13,18,1,0,4,31,15,2,0,7,3,0,18,1,0,2,0.295,0.384,0.508,0.892
황성빈,22롯,7,77,72,15,21,6,1,1,32,5,1,1,2,1,0,12,1,1,1,0.292,0.316,0.444,0.76
이정후,22키,7,80,69,6,20,5,2,2,35,13,0,0,7,3,1,7,1,0,1,0.29,0.375,0.507,0.882
오지환,22L,7,79,66,13,19,1,1,6,40,18,3,0,12,0,0,20,3,0,1,0.288,0.392,0.606,0.999
허경민,22두,7,69,63,11,18,2,0,2,26,8,3,0,6,0,2,4,1,0,0,0.286,0.348,0.413,0.761
이지영,22키,7,58,53,4,15,1,0,0,16,4,0,0,3,1,0,6,3,1,0,0.283,0.333,0.302,0.635
정훈,22롯,7,76,69,6,19,2,0,0,21,10,0,0,4,0,0,13,3,1,2,0.275,0.307,0.304,0.611
김태연,22한,7,78,67,9,18,1,0,4,31,10,1,0,9,1,0,15,1,1,0,0.269,0.364,0.463,0.826
최지훈,22S,7,86,75,14,20,5,1,1,30,7,6,0,6,1,0,12,1,4,0,0.267,0.329,0.4,0.729
배정대,22K,7,75,68,8,18,3,2,1,28,9,3,0,6,0,0,16,2,1,0,0.265,0.324,0.412,0.736
전의산,22S,7,65,57,11,15,2,0,5,32,9,0,0,8,0,1,22,2,0,0,0.263,0.354,0.561,0.915
최형우,22기,7,62,57,7,15,1,1,1,21,10,0,0,5,0,0,14,0,0,0,0.263,0.323,0.368,0.691
이명기,22N,7,63,54,12,14,2,0,0,16,2,3,0,8,1,0,14,0,0,0,0.259,0.365,0.296,0.661
김휘집,22키,7,71,58,5,15,2,1,1,22,9,0,0,8,5,0,19,1,0,0,0.259,0.394,0.379,0.774
김선빈,22기,7,72,62,4,16,1,0,0,17,7,1,0,9,0,0,11,1,1,0,0.258,0.352,0.274,0.626
문보경,22L,7,79,70,12,18,2,2,3,33,11,1,0,7,0,0,11,5,1,1,0.257,0.321,0.471,0.792
이대호,22롯,7,88,82,8,21,4,0,4,37,13,0,0,6,0,1,11,4,0,0,0.256,0.307,0.451,0.758
황재균,22K,7,72,67,2,17,4,0,0,21,9,0,1,4,1,1,10,2,0,0,0.254,0.306,0.313,0.619
김성현,22S,7,66,56,9,14,1,0,1,18,8,1,0,7,0,0,9,0,2,1,0.25,0.328,0.321,0.65
류지혁,22기,7,51,44,5,11,1,1,0,14,6,1,0,5,2,0,12,0,0,0,0.25,0.353,0.318,0.671
김호령,22기,7,56,49,10,12,0,1,0,14,4,1,0,6,0,0,14,3,1,0,0.245,0.327,0.286,0.613
이재현,22삼,7,52,49,3,12,0,0,1,15,4,0,0,3,0,0,5,2,0,0,0.245,0.289,0.306,0.595
양석환,22두,7,84,82,7,20,4,0,3,33,10,0,0,2,0,0,24,0,0,0,0.244,0.262,0.402,0.664
추신수,22S,7,88,70,14,17,4,1,6,41,13,2,0,14,2,0,17,1,1,1,0.243,0.379,0.586,0.965
강민호,22삼,7,62,54,4,13,2,0,2,21,9,0,0,8,0,0,10,1,0,0,0.241,0.339,0.389,0.728
안치홍,22롯,7,90,75,11,18,4,0,0,22,5,3,0,12,1,1,12,0,1,1,0.24,0.348,0.293,0.642
김재호,22두,7,54,46,9,11,1,0,0,12,6,0,0,5,0,0,8,1,2,1,0.239,0.308,0.261,0.569
양의지,22N,7,78,63,7,15,3,0,1,21,11,0,0,10,2,0,8,5,0,3,0.238,0.346,0.333,0.68
김현수,22L,7,74,63,10,15,2,0,5,32,17,0,0,10,0,2,6,0,0,0,0.238,0.343,0.508,0.85
유강남,22L,7,72,63,9,15,3,0,3,27,8,0,0,3,5,0,16,1,1,0,0.238,0.324,0.429,0.753
송성문,22키,7,78,68,8,16,3,0,1,22,7,0,1,10,0,1,4,0,0,0,0.235,0.333,0.324,0.657
김재환,22두,7,72,64,10,15,4,0,4,31,12,1,0,7,1,1,19,0,0,0,0.234,0.319,0.484,0.804
정은원,22한,7,87,74,12,17,2,0,1,22,4,1,2,12,1,0,18,1,0,0,0.23,0.345,0.297,0.642
권희동,22N,7,78,63,13,14,3,0,2,23,7,1,0,8,5,0,13,1,1,1,0.222,0.351,0.365,0.716
장성우,22K,7,65,54,7,12,0,0,3,21,9,0,0,8,0,0,13,0,1,2,0.222,0.313,0.389,0.701
이용규,22키,7,70,55,6,12,1,0,0,13,3,2,0,14,1,0,12,3,0,0,0.218,0.386,0.236,0.622
최재훈,22한,7,53,46,1,10,1,0,0,11,3,0,0,3,2,0,6,5,2,0,0.217,0.294,0.239,0.533
이원석,22삼,7,65,60,3,13,3,0,1,19,8,0,0,3,1,0,18,1,0,1,0.217,0.262,0.317,0.578
터크먼,22한,7,94,81,11,17,5,0,4,34,12,0,1,12,1,0,17,1,0,0,0.21,0.319,0.42,0.739
김준완,22키,7,80,62,7,13,0,1,1,18,7,0,1,12,3,0,18,0,2,1,0.21,0.359,0.29,0.649
이진영,22한,7,52,48,2,10,3,0,1,16,2,0,0,4,0,0,21,1,0,0,0.208,0.269,0.333,0.603
최정,22S,7,68,54,11,11,3,0,3,23,8,5,2,11,3,0,14,0,0,0,0.204,0.368,0.426,0.794
한유섬,22S,7,72,56,6,11,3,0,2,20,12,0,0,14,1,0,19,1,0,1,0.196,0.361,0.357,0.718
손아섭,22N,7,61,53,7,10,1,0,0,11,1,1,0,6,1,0,9,2,1,0,0.189,0.283,0.208,0.491
이재원,22L,7,65,60,8,11,1,0,3,21,7,0,0,3,2,0,21,1,0,0,0.183,0.246,0.35,0.596
이재원,22S,7,51,41,4,7,1,0,1,11,5,0,0,7,1,0,4,1,2,0,0.171,0.306,0.268,0.574
고승민,22롯,8,56,49,4,20,4,1,0,26,8,0,0,6,0,0,9,0,0,1,0.408,0.464,0.531,0.995
양의지,22N,8,80,67,15,27,6,0,6,51,22,0,1,9,3,1,6,1,0,1,0.403,0.488,0.761,1.249
김민혁,22K,8,63,54,8,21,4,1,0,27,3,0,4,6,0,0,10,2,3,0,0.389,0.45,0.5,0.95
문보경,22L,8,71,59,11,22,4,1,1,31,8,2,0,7,0,1,6,0,3,2,0.373,0.427,0.525,0.952
김혜성,22키,8,104,97,12,36,5,1,1,46,8,4,1,7,0,1,15,2,0,0,0.371,0.414,0.474,0.888
김선빈,22기,8,89,81,6,30,6,0,0,36,17,3,0,6,0,0,2,2,1,1,0.37,0.409,0.444,0.854
피렐라,22삼,8,96,80,15,29,3,0,5,47,22,4,0,11,3,2,12,2,0,2,0.363,0.448,0.588,1.035
최지훈,22S,8,104,98,16,35,4,0,3,48,11,1,3,5,0,0,8,2,0,1,0.357,0.385,0.49,0.874
강한울,22삼,8,64,59,8,21,3,0,0,24,7,1,0,4,0,0,8,0,1,0,0.356,0.397,0.407,0.804
푸이그,22키,8,108,88,16,31,10,0,6,59,20,0,2,15,3,0,17,1,0,2,0.352,0.454,0.67,1.124
채은성,22L,8,85,74,8,26,5,0,0,31,17,0,2,2,6,0,14,4,0,3,0.351,0.4,0.419,0.819
최형우,22기,8,86,76,11,26,4,0,4,42,16,0,0,9,0,0,16,0,0,1,0.342,0.407,0.553,0.96
이정후,22키,8,106,100,17,34,6,2,3,53,19,0,0,6,0,0,5,1,0,0,0.34,0.377,0.53,0.907
박찬호,22기,8,102,84,16,28,3,0,2,37,10,10,1,15,1,0,14,0,2,0,0.333,0.44,0.44,0.881
박해민,22L,8,88,84,17,28,4,2,0,36,4,5,1,3,0,0,12,0,1,0,0.333,0.356,0.429,0.785
유강남,22L,8,62,57,2,19,2,0,1,24,7,0,0,1,1,0,16,1,3,0,0.333,0.356,0.421,0.777
이대호,22롯,8,98,88,9,29,4,0,4,45,22,0,0,9,1,2,8,4,0,0,0.33,0.398,0.511,0.909
박건우,22N,8,91,82,12,27,7,0,3,43,14,1,0,6,3,0,13,1,0,0,0.329,0.396,0.524,0.92
나성범,22기,8,100,93,15,30,7,0,3,46,15,2,1,7,0,2,23,1,0,0,0.323,0.37,0.495,0.865
노수광,22한,8,61,51,8,16,7,0,1,26,8,2,1,5,0,0,14,0,4,1,0.314,0.368,0.51,0.878
최주환,22S,8,57,51,7,16,7,0,0,23,7,0,0,5,1,0,9,0,0,0,0.314,0.386,0.451,0.837
최정,22S,8,97,83,12,26,9,0,6,53,23,1,1,10,2,1,18,1,0,2,0.313,0.392,0.639,1.03
강승호,22두,8,65,55,8,17,5,0,3,31,9,3,2,8,2,0,12,0,0,0,0.309,0.415,0.564,0.979
허경민,22두,8,87,75,7,23,2,0,2,31,9,0,2,5,6,1,7,2,0,1,0.307,0.391,0.413,0.804
문성주,22L,8,68,62,11,19,2,0,1,24,7,1,0,6,0,0,9,2,0,0,0.306,0.368,0.387,0.755
배정대,22K,8,98,85,20,26,4,0,2,36,15,3,1,11,0,0,20,0,0,2,0.306,0.378,0.424,0.801
한유섬,22S,8,85,69,7,21,6,0,3,36,9,0,1,13,3,0,23,2,0,0,0.304,0.435,0.522,0.957
조용호,22K,8,100,90,8,27,1,0,1,31,10,2,0,9,0,0,13,2,0,1,0.3,0.36,0.344,0.704
노시환,22한,8,92,80,8,24,3,0,1,30,12,2,0,10,1,0,17,3,0,1,0.3,0.38,0.375,0.755
라가레스,22S,8,74,70,11,21,6,0,4,39,13,0,0,4,0,0,7,1,0,0,0.3,0.338,0.557,0.895
정훈,22롯,8,86,77,14,23,6,0,1,32,5,2,0,4,2,0,20,0,2,1,0.299,0.345,0.416,0.761
김태연,22한,8,65,54,7,16,4,0,1,23,8,0,0,9,1,0,13,1,0,1,0.296,0.4,0.426,0.826
이지영,22키,8,72,71,7,21,3,1,1,29,5,0,1,1,0,0,5,6,0,0,0.296,0.306,0.408,0.714
소크라테스,22기,8,98,88,18,26,4,1,2,38,14,3,1,7,0,0,11,2,0,3,0.295,0.337,0.432,0.769
이원석,22삼,8,73,61,9,18,1,0,4,31,18,0,0,10,2,0,15,0,0,0,0.295,0.411,0.508,0.919
김지찬,22삼,8,81,65,11,19,0,1,0,21,6,2,3,9,1,0,17,0,5,1,0.292,0.382,0.323,0.705
오지환,22L,8,79,65,12,19,2,1,3,32,13,4,3,12,1,0,12,1,0,1,0.292,0.405,0.492,0.897
노진혁,22N,8,79,65,10,19,5,0,2,30,15,1,0,9,2,1,17,0,0,3,0.292,0.38,0.462,0.841
김준태,22K,8,57,48,4,14,4,0,0,18,6,0,0,8,0,1,14,1,1,0,0.292,0.393,0.375,0.768
추신수,22S,8,80,70,12,20,3,0,2,29,10,4,2,7,0,0,18,1,1,2,0.286,0.342,0.414,0.756
김상수,22삼,8,72,64,12,18,3,0,0,21,4,1,1,3,1,0,16,1,3,1,0.281,0.319,0.328,0.647
렉스,22롯,8,102,89,11,25,2,0,3,36,8,3,0,9,3,1,19,3,0,1,0.281,0.363,0.404,0.767
황재균,22K,8,93,82,15,23,3,1,2,34,11,0,0,9,2,0,18,3,0,0,0.28,0.366,0.415,0.78
박병호,22K,8,86,72,11,20,2,0,2,28,11,0,3,11,2,2,19,1,0,1,0.278,0.384,0.389,0.773
전준우,22롯,8,87,76,10,21,3,0,1,27,6,1,0,10,1,0,13,2,0,0,0.276,0.368,0.355,0.723
박민우,22N,8,81,63,16,17,2,0,0,19,5,4,0,14,2,2,11,1,2,0,0.27,0.418,0.302,0.719
김인환,22한,8,87,78,11,21,6,0,2,33,9,1,0,6,1,0,17,1,0,2,0.269,0.322,0.423,0.745
알포드,22K,8,94,82,13,22,5,0,3,36,13,1,0,9,1,1,27,2,0,2,0.268,0.34,0.439,0.779
가르시아,22L,8,83,71,15,19,6,1,4,39,16,2,0,12,0,0,20,2,0,0,0.268,0.374,0.549,0.923
박세혁,22두,8,65,60,8,16,0,0,1,19,3,0,0,4,0,0,14,1,1,0,0.267,0.313,0.317,0.629
정은원,22한,8,89,72,8,19,4,0,0,23,8,0,0,15,0,0,15,2,2,0,0.264,0.391,0.319,0.71
마티니,22N,8,87,80,12,21,6,0,3,36,14,0,1,7,0,1,9,1,0,0,0.263,0.322,0.45,0.772
김주원,22N,8,75,65,7,17,4,0,3,30,16,0,0,3,4,1,16,1,3,0,0.262,0.333,0.462,0.795
터크먼,22한,8,99,92,9,24,5,0,0,29,5,2,4,6,1,0,14,2,0,0,0.261,0.313,0.315,0.628
한동희,22롯,8,87,77,5,20,2,0,1,25,3,0,0,7,2,0,11,3,0,1,0.26,0.333,0.325,0.658
구자욱,22삼,8,94,85,13,22,4,1,0,28,4,1,0,9,0,1,21,1,0,0,0.259,0.33,0.329,0.659
최재훈,22한,8,57,47,10,12,3,0,2,21,9,0,1,7,2,0,6,3,1,0,0.255,0.375,0.447,0.822
강민호,22삼,8,61,51,7,13,2,0,5,30,13,0,0,9,0,1,4,1,1,0,0.255,0.367,0.588,0.955
안치홍,22롯,8,74,59,10,15,3,1,3,29,10,1,0,10,2,0,4,2,2,1,0.254,0.375,0.492,0.867
류지혁,22기,8,72,63,10,16,2,0,0,18,5,2,1,7,0,0,9,1,2,0,0.254,0.329,0.286,0.614
김태진,22키,8,82,75,10,19,0,1,0,21,8,1,0,6,1,0,9,1,0,0,0.253,0.317,0.28,0.597
하주석,22한,8,84,77,8,19,3,0,1,25,9,5,0,5,1,0,23,0,0,1,0.247,0.298,0.325,0.622
손아섭,22N,8,90,78,14,19,5,0,0,24,14,0,0,11,0,0,10,3,0,1,0.244,0.333,0.308,0.641
김현수,22L,8,90,75,12,18,4,1,3,33,17,0,0,14,1,0,10,0,0,0,0.24,0.367,0.44,0.807
강백호,22K,8,55,49,4,11,2,0,1,16,6,0,0,5,0,0,10,4,0,1,0.224,0.291,0.327,0.617
홍창기,22L,8,87,72,14,16,2,0,0,18,8,4,0,11,3,0,14,2,1,0,0.222,0.349,0.25,0.599
박동원,22기,8,65,54,6,12,2,0,2,20,7,0,0,7,2,1,12,1,2,0,0.222,0.333,0.37,0.704
페르난데스,22두,8,86,82,5,18,2,0,0,20,7,0,0,4,0,0,9,4,0,0,0.22,0.256,0.244,0.5
박승욱,22롯,8,67,55,8,12,4,0,1,19,7,5,0,6,0,0,21,0,6,0,0.218,0.295,0.345,0.641
박성한,22S,8,87,78,10,17,5,0,0,22,6,0,0,8,0,0,14,0,0,1,0.218,0.287,0.282,0.569
전의산,22S,8,82,75,7,16,3,0,3,28,11,0,0,6,0,1,26,1,0,1,0.213,0.268,0.373,0.642
김인태,22두,8,80,63,4,13,2,0,2,21,6,0,0,16,1,0,19,0,0,0,0.206,0.375,0.333,0.708
김준완,22키,8,84,74,9,15,3,0,0,18,8,0,0,10,0,0,14,1,0,0,0.203,0.298,0.243,0.541
김휘집,22키,8,91,80,8,16,0,0,5,31,7,0,0,8,2,0,24,0,1,0,0.2,0.289,0.388,0.676
양석환,22두,8,86,76,9,15,1,0,4,28,4,1,0,6,4,1,20,1,0,0,0.197,0.291,0.368,0.659
송성문,22키,8,99,88,8,17,1,0,1,21,5,0,0,10,1,1,8,2,0,0,0.193,0.283,0.239,0.522
정수빈,22두,8,62,52,4,10,3,1,1,18,5,1,1,7,0,0,11,0,2,1,0.192,0.283,0.346,0.63
안재석,22두,8,58,52,3,10,4,0,1,17,4,0,0,2,1,0,16,2,2,1,0.192,0.232,0.327,0.559
심우준,22K,8,81,69,9,13,1,0,3,23,12,4,0,7,1,0,12,1,2,2,0.188,0.266,0.333,0.599
황대인,22기,8,82,75,3,14,3,0,1,20,9,0,0,5,1,1,17,4,0,1,0.187,0.244,0.267,0.511
이용규,22키,8,64,54,5,9,1,0,0,10,5,3,0,6,4,0,11,2,0,0,0.167,0.297,0.185,0.482
이창진,22기,8,90,73,12,12,1,0,2,19,8,0,3,10,1,0,13,1,5,1,0.164,0.271,0.26,0.531
권희동,22N,8,63,52,6,8,0,0,0,8,2,0,1,10,1,0,11,1,0,0,0.154,0.302,0.154,0.455
김현준,22삼,8,60,46,7,7,1,1,0,10,4,0,1,8,2,0,12,0,4,0,0.152,0.304,0.217,0.521
오재일,22삼,8,75,67,5,10,4,0,2,20,5,0,0,8,0,0,26,1,0,0,0.149,0.24,0.299,0.539
장진혁,22한,8,57,55,3,8,0,0,0,8,3,0,1,1,0,0,13,1,0,1,0.145,0.158,0.145,0.303
이정후,22키,9,103,91,19,38,9,3,4,65,23,2,0,12,0,1,5,1,0,0,0.418,0.485,0.714,1.2
강한울,22삼,9,80,70,9,28,5,1,1,38,12,1,2,8,0,0,11,0,1,1,0.4,0.456,0.543,0.999
이대호,22롯,9,95,85,8,32,1,0,5,48,21,0,0,8,0,1,6,5,0,2,0.376,0.421,0.565,0.986
황성빈,22롯,9,79,72,16,27,3,1,0,32,4,2,6,5,0,0,8,0,2,0,0.375,0.416,0.444,0.86
문보경,22L,9,94,79,8,29,5,0,2,40,11,3,0,12,0,0,6,1,1,2,0.367,0.441,0.506,0.947
렉스,22롯,9,99,85,13,31,5,0,4,48,23,0,0,11,2,0,13,0,0,1,0.365,0.444,0.565,1.009
김재환,22두,9,95,83,16,30,3,0,6,51,17,0,1,8,1,0,29,2,0,3,0.361,0.411,0.614,1.025
구자욱,22삼,9,97,92,18,33,6,0,2,45,7,4,0,3,0,0,10,1,0,2,0.359,0.371,0.489,0.86
정수빈,22두,9,110,95,14,34,3,0,1,40,11,2,3,13,1,1,12,2,0,1,0.358,0.436,0.421,0.857
강민호,22삼,9,76,70,11,25,5,0,4,42,13,0,0,5,1,0,10,5,0,0,0.357,0.408,0.6,1.008
라가레스,22S,9,104,89,13,31,3,0,2,40,14,2,1,8,1,1,8,3,3,3,0.348,0.396,0.449,0.846
터크먼,22한,9,110,96,19,33,8,1,4,55,9,2,0,13,1,3,16,2,0,0,0.344,0.427,0.573,1
이명기,22N,9,67,59,9,20,3,1,0,25,7,0,0,7,0,0,8,2,1,0,0.339,0.409,0.424,0.833
마티니,22N,9,102,93,17,31,5,0,1,39,14,6,1,9,0,0,18,1,0,0,0.333,0.392,0.419,0.812
김민혁,22두,9,64,57,7,19,2,0,3,30,11,0,0,6,1,0,13,4,0,0,0.333,0.406,0.526,0.933
피렐라,22삼,9,103,95,15,31,6,1,5,54,18,3,2,8,0,1,15,4,0,0,0.326,0.379,0.568,0.947
박건우,22N,9,109,96,14,31,1,1,2,40,8,2,0,13,0,0,14,4,0,0,0.323,0.404,0.417,0.82
류지혁,22기,9,88,78,7,25,5,1,0,32,12,2,2,7,0,0,18,0,3,0,0.321,0.377,0.41,0.787
김현수,22L,9,104,85,8,27,4,0,1,34,14,0,0,16,0,0,12,1,0,3,0.318,0.414,0.4,0.814
강승호,22두,9,103,98,12,31,9,1,2,48,12,3,0,5,0,0,23,3,0,0,0.316,0.35,0.49,0.839
양의지,22N,9,89,76,11,24,4,0,4,40,22,2,0,10,0,0,6,1,0,3,0.316,0.382,0.526,0.908
푸이그,22키,9,101,87,12,27,3,0,5,45,14,1,1,11,2,0,15,1,0,1,0.31,0.396,0.517,0.913
임지열,22키,9,80,71,9,22,6,0,0,28,7,1,0,6,1,0,24,1,1,1,0.31,0.367,0.394,0.762
나성범,22기,9,102,88,12,27,3,0,3,39,12,0,0,12,2,1,23,0,0,0,0.307,0.402,0.443,0.845
오재일,22삼,9,84,75,12,23,12,0,3,44,19,0,0,8,0,2,13,4,0,1,0.307,0.369,0.587,0.956
오영수,22N,9,70,60,6,18,2,0,3,29,10,0,1,8,1,0,15,1,0,1,0.3,0.386,0.483,0.869
심우준,22K,9,78,67,19,20,2,0,0,22,4,7,0,9,0,0,14,3,1,0,0.299,0.382,0.328,0.71
조용호,22K,9,92,84,9,25,5,2,1,37,12,0,0,6,0,0,8,0,2,0,0.298,0.344,0.44,0.785
알포드,22K,9,73,64,9,19,6,0,4,37,8,1,1,8,1,1,21,0,0,0,0.297,0.384,0.578,0.962
소크라테스,22기,9,101,95,8,28,4,0,3,41,11,1,2,6,0,0,16,2,0,0,0.295,0.337,0.432,0.768
최주환,22S,9,82,72,12,21,2,0,6,41,13,0,0,9,1,0,10,2,0,0,0.292,0.378,0.569,0.948
김상수,22삼,9,62,55,6,16,1,0,1,20,9,0,0,5,0,0,5,2,1,1,0.291,0.344,0.364,0.708
한동희,22롯,9,76,70,4,20,3,0,1,26,11,0,0,5,0,0,16,4,0,1,0.286,0.329,0.371,0.7
안치홍,22롯,9,86,78,4,22,2,0,1,27,7,0,0,2,1,0,10,4,4,1,0.282,0.305,0.346,0.651
이지영,22키,9,76,71,9,20,2,0,0,22,7,0,0,1,1,1,7,2,3,0,0.282,0.301,0.31,0.611
김현준,22삼,9,85,75,13,21,6,1,0,29,5,0,0,10,0,0,17,0,0,0,0.28,0.365,0.387,0.751
배정대,22K,9,96,86,8,24,6,0,0,30,13,4,1,7,2,0,25,0,1,0,0.279,0.347,0.349,0.696
정은원,22한,9,99,79,9,22,3,0,2,31,5,3,4,19,0,0,17,0,1,0,0.278,0.418,0.392,0.811
김태진,22키,9,85,79,10,22,3,0,0,25,8,0,0,5,0,0,11,2,1,0,0.278,0.321,0.316,0.638
박동원,22기,9,83,72,12,20,1,0,6,39,13,0,0,9,1,0,20,2,1,0,0.278,0.366,0.542,0.908
노진혁,22N,9,105,94,13,26,4,0,7,51,21,0,0,8,0,0,25,3,3,0,0.277,0.333,0.543,0.876
하주석,22한,9,94,90,8,24,5,0,0,29,6,4,2,4,0,0,24,1,0,0,0.267,0.298,0.322,0.62
최형우,22기,9,77,68,3,18,4,0,0,22,7,0,0,9,0,1,10,1,0,0,0.265,0.351,0.324,0.674
이창진,22기,9,66,53,6,14,0,0,0,14,4,0,1,11,0,0,11,3,1,1,0.264,0.385,0.264,0.649
김지찬,22삼,9,75,61,11,16,0,1,0,18,2,1,1,8,1,0,11,2,4,1,0.262,0.352,0.295,0.647
최지훈,22S,9,105,93,11,24,6,0,2,36,14,7,0,9,1,0,9,1,2,0,0.258,0.33,0.387,0.717
전준우,22롯,9,90,82,12,21,3,0,2,30,8,1,0,6,1,0,10,0,0,1,0.256,0.311,0.366,0.677
오지환,22L,9,100,86,13,22,2,1,5,41,15,3,2,11,3,0,22,2,0,0,0.256,0.36,0.477,0.837
강백호,22K,9,93,83,4,21,2,0,2,29,13,0,0,9,0,0,12,2,1,0,0.253,0.326,0.349,0.676
송성문,22키,9,94,86,15,21,2,1,3,34,19,0,0,4,0,1,13,2,1,3,0.244,0.269,0.395,0.664
박성한,22S,9,89,74,15,18,6,1,0,26,4,1,1,12,1,0,14,2,2,0,0.243,0.356,0.351,0.708
허경민,22두,9,81,74,8,18,5,0,1,26,6,0,0,5,2,0,9,2,0,0,0.243,0.309,0.351,0.66
홍창기,22L,9,99,79,9,19,2,0,0,21,10,3,0,13,3,0,16,4,3,1,0.241,0.365,0.266,0.63
양석환,22두,9,104,97,14,23,3,0,7,47,18,0,0,5,2,0,23,0,0,0,0.237,0.289,0.485,0.773
손아섭,22N,9,116,106,13,25,1,1,0,28,4,1,0,10,0,0,11,3,0,0,0.236,0.302,0.264,0.566
박해민,22L,9,105,98,14,23,3,2,1,33,8,2,2,5,1,0,16,0,0,1,0.235,0.276,0.337,0.613
황재균,22K,9,93,82,8,19,1,1,2,28,5,2,0,9,1,2,18,3,0,1,0.232,0.312,0.341,0.653
김선빈,22기,9,89,78,6,18,1,0,1,22,8,3,1,9,1,0,6,4,1,0,0.231,0.318,0.282,0.6
한유섬,22S,9,87,73,12,16,2,0,6,36,16,0,0,8,4,0,19,3,0,2,0.219,0.322,0.493,0.815
김태연,22한,9,90,75,8,16,5,0,0,21,8,0,0,12,1,0,22,0,1,1,0.213,0.326,0.28,0.606
노시환,22한,9,111,104,8,22,6,0,0,28,9,2,0,4,1,0,25,2,0,2,0.212,0.243,0.269,0.513
유강남,22L,9,62,57,8,12,1,0,2,19,9,0,0,4,0,0,12,2,0,1,0.211,0.258,0.333,0.591
장성우,22K,9,73,62,3,13,1,0,1,17,6,0,0,11,0,1,15,2,0,0,0.21,0.329,0.274,0.603
채은성,22L,9,95,86,7,18,2,1,1,25,4,4,0,5,3,1,21,5,0,1,0.209,0.274,0.291,0.564
박찬호,22기,9,99,87,12,18,1,0,0,19,3,9,1,9,0,0,15,0,1,2,0.207,0.276,0.218,0.494
최재훈,22한,9,65,54,4,11,2,0,2,19,4,0,0,6,5,0,11,1,0,0,0.204,0.339,0.352,0.69
박민우,22N,9,69,62,8,12,2,0,1,17,5,4,0,4,2,0,6,1,1,0,0.194,0.265,0.274,0.539
김인환,22한,9,72,69,3,12,1,0,1,16,6,0,0,3,0,0,27,0,0,0,0.174,0.208,0.232,0.44
최정,22S,9,73,57,11,9,0,0,7,30,12,0,2,10,6,1,11,2,0,0,0.158,0.343,0.526,0.869
김주원,22N,9,91,76,9,11,2,0,2,19,7,5,0,9,6,0,25,1,0,0,0.145,0.286,0.25,0.536
김휘집,22키,9,73,62,4,8,4,0,1,15,7,0,0,6,2,0,23,3,1,2,0.129,0.222,0.242,0.464
김준완,22키,9,80,59,10,7,3,0,0,10,3,1,0,18,1,0,15,0,2,0,0.119,0.333,0.169,0.503
오지환,22L,10,22,18,2,9,1,0,0,10,3,0,0,4,0,0,4,0,0,0,0.5,0.591,0.556,1.147
최형우,22기,10,20,19,7,9,4,0,2,19,6,1,0,1,0,0,3,1,0,0,0.474,0.5,1,1.5
고승민,22롯,10,16,15,2,7,0,0,2,13,5,0,0,1,0,0,5,0,0,0,0.467,0.5,0.867,1.367
페르난데스,22두,10,23,22,2,10,4,0,0,14,5,0,0,1,0,0,0,3,0,0,0.455,0.478,0.636,1.115
최재훈,22한,10,14,9,2,4,1,0,0,5,0,0,0,3,2,0,3,1,0,0,0.444,0.643,0.556,1.198
이원석,22삼,10,23,21,2,9,2,0,0,11,6,0,0,1,1,1,1,0,0,0,0.429,0.478,0.524,1.002
김민혁,22K,10,15,14,0,6,1,0,0,7,5,0,0,0,0,0,1,0,1,0,0.429,0.429,0.5,0.929
정수빈,22두,10,31,30,6,12,1,0,1,16,4,0,0,0,0,0,1,0,0,1,0.4,0.387,0.533,0.92
박민우,22N,10,29,25,7,10,2,1,0,14,1,0,1,3,0,1,2,1,0,1,0.4,0.448,0.56,1.008
황대인,22기,10,27,26,4,10,1,0,2,17,7,0,0,1,0,0,4,1,0,0,0.385,0.407,0.654,1.061
김지찬,22삼,10,17,16,2,6,1,0,0,7,0,1,0,1,0,0,1,0,0,0,0.375,0.412,0.438,0.849
알포드,22K,10,25,22,5,8,2,0,1,13,3,1,0,3,0,1,6,0,0,0,0.364,0.44,0.591,1.031
김현수,22L,10,23,22,1,8,0,0,0,8,1,0,0,1,0,0,2,0,0,0,0.364,0.391,0.364,0.755
장성우,22K,10,23,22,8,8,1,0,3,18,7,0,0,1,0,0,3,1,0,0,0.364,0.391,0.818,1.21
이상호,22L,10,14,11,2,4,0,0,0,4,3,0,0,1,1,0,0,0,1,0,0.364,0.462,0.364,0.825
강승호,22두,10,30,28,5,10,3,0,2,19,4,0,1,2,0,0,6,1,0,0,0.357,0.4,0.679,1.079
김태연,22한,10,15,14,1,5,1,0,0,6,2,0,0,1,0,0,2,0,0,0,0.357,0.4,0.429,0.829
유강남,22L,10,20,17,2,6,0,0,0,6,0,0,0,2,1,0,1,0,0,0,0.353,0.45,0.353,0.803
박성한,22S,10,20,20,1,7,1,0,0,8,1,0,0,0,0,0,0,0,0,0,0.35,0.35,0.4,0.75
홍창기,22L,10,30,23,6,8,2,0,0,10,1,1,0,4,3,0,4,1,0,0,0.348,0.5,0.435,0.935
나성범,22기,10,29,29,4,10,1,0,0,11,1,0,0,0,0,0,5,1,0,0,0.345,0.345,0.379,0.724
박해민,22L,10,30,27,3,9,1,0,0,10,3,0,0,1,1,0,4,0,0,1,0.333,0.367,0.37,0.737
오재일,22삼,10,22,18,3,6,1,0,2,13,9,0,0,3,1,1,5,0,0,0,0.333,0.455,0.722,1.177
오영수,22N,10,20,18,3,6,1,0,0,7,2,0,0,2,0,0,1,0,0,0,0.333,0.4,0.389,0.789
피렐라,22삼,10,26,25,4,8,5,0,0,13,4,0,0,1,0,0,4,1,0,0,0.32,0.346,0.52,0.866
황재균,22K,10,23,22,5,7,2,0,1,12,5,0,0,1,0,0,6,0,0,0,0.318,0.348,0.545,0.893
손아섭,22N,10,32,26,5,8,1,1,0,11,5,1,0,6,0,1,5,1,0,0,0.308,0.438,0.423,0.861
마티니,22N,10,14,13,1,4,2,0,0,6,1,0,0,1,0,0,2,1,0,0,0.308,0.357,0.462,0.819
박동원,22기,10,27,23,4,7,1,0,1,11,5,0,0,4,0,0,8,0,0,0,0.304,0.407,0.478,0.886
정은원,22한,10,20,20,1,6,0,0,0,6,0,1,0,0,0,0,2,0,0,0,0.3,0.3,0.3,0.6
강한울,22삼,10,17,14,2,4,0,0,0,4,1,1,0,2,0,0,1,0,1,0,0.286,0.375,0.286,0.661
최지훈,22S,10,14,14,1,4,0,0,0,4,0,2,1,0,0,0,2,0,0,0,0.286,0.286,0.286,0.571
김상수,22삼,10,14,14,2,4,2,0,0,6,1,0,0,0,0,0,2,2,0,0,0.286,0.286,0.429,0.714
노진혁,22N,10,26,25,2,7,0,0,1,10,5,0,0,1,0,1,7,0,0,0,0.28,0.308,0.4,0.708
구자욱,22삼,10,27,24,6,6,0,0,1,9,3,0,0,3,0,0,5,0,0,0,0.25,0.333,0.375,0.708
김선빈,22기,10,24,20,2,5,2,0,0,7,4,0,0,3,0,0,2,0,0,1,0.25,0.333,0.35,0.683
강민호,22삼,10,22,20,2,5,2,0,0,7,3,0,0,2,0,0,5,2,0,0,0.25,0.318,0.35,0.668
박건우,22N,10,20,16,1,4,0,0,0,4,2,0,0,3,1,0,3,0,0,0,0.25,0.4,0.25,0.65
터크먼,22한,10,19,12,2,3,2,0,0,5,1,1,0,6,1,0,2,0,0,0,0.25,0.526,0.417,0.943
김현준,22삼,10,27,25,5,6,0,1,0,8,1,0,0,1,1,0,5,0,0,0,0.24,0.296,0.32,0.616
허경민,22두,10,24,21,2,5,0,0,1,8,2,1,0,1,1,0,1,0,0,1,0.238,0.292,0.381,0.673
노시환,22한,10,21,21,2,5,4,0,0,9,0,0,0,0,0,0,3,0,0,0,0.238,0.238,0.429,0.667
이재현,22삼,10,18,17,1,4,1,0,1,8,3,0,0,0,0,0,4,0,1,0,0.235,0.235,0.471,0.706
조용호,22K,10,25,22,1,5,1,0,0,6,1,1,0,2,0,0,1,0,0,1,0.227,0.28,0.273,0.553
문보경,22L,10,22,18,1,4,0,0,0,4,5,0,0,4,0,0,4,2,0,0,0.222,0.364,0.222,0.586
채은성,22L,10,21,18,2,4,0,0,1,7,4,0,2,1,1,0,3,2,0,1,0.222,0.286,0.389,0.675
렉스,22롯,10,17,14,1,3,0,0,0,3,0,0,0,3,0,0,4,0,0,0,0.214,0.353,0.214,0.567
오태곤,22S,10,16,14,1,3,0,0,0,3,2,0,0,1,0,0,5,1,0,1,0.214,0.25,0.214,0.464
천재환,22N,10,14,14,1,3,0,0,1,6,1,0,0,0,0,0,5,0,0,0,0.214,0.214,0.429,0.643
류지혁,22기,10,29,19,2,4,1,0,0,5,1,0,0,8,1,0,2,0,1,0,0.211,0.464,0.263,0.727
양석환,22두,10,26,24,4,5,1,0,0,6,0,0,0,2,0,0,8,1,0,0,0.208,0.269,0.25,0.519
서건창,22L,10,27,25,3,5,0,0,0,5,2,0,0,1,1,0,8,0,0,0,0.2,0.259,0.2,0.459
박대온,22N,10,16,15,1,3,0,0,0,3,0,0,0,0,0,0,4,0,1,0,0.2,0.2,0.2,0.4
오윤석,22K,10,16,15,2,3,1,0,1,7,1,0,0,0,1,0,5,0,0,0,0.2,0.25,0.467,0.717
전민재,22두,10,15,15,1,3,0,0,0,3,0,1,0,0,0,0,6,1,0,0,0.2,0.2,0.2,0.4
박찬호,22기,10,24,21,5,4,0,0,0,4,1,2,0,2,0,0,2,0,0,1,0.19,0.25,0.19,0.441
이재원,22L,10,19,16,2,3,2,0,0,5,2,0,0,2,1,0,5,1,0,0,0.188,0.316,0.313,0.628
김민혁,22두,10,16,16,1,3,0,0,1,6,3,0,0,0,0,0,6,1,0,0,0.188,0.188,0.375,0.563
소크라테스,22기,10,27,27,3,5,1,0,1,9,6,0,0,0,0,0,2,1,0,0,0.185,0.185,0.333,0.519
김주원,22N,10,23,17,2,3,0,1,0,5,2,2,0,5,1,0,10,0,0,0,0.176,0.391,0.294,0.685
배정대,22K,10,26,23,3,4,0,0,1,7,1,0,0,3,0,0,7,0,0,0,0.174,0.269,0.304,0.574
김민성,22L,10,25,23,2,4,0,0,1,7,3,0,0,2,0,0,5,1,0,0,0.174,0.24,0.304,0.544
강백호,22K,10,23,23,2,4,2,0,0,6,0,0,0,0,0,0,8,0,0,0,0.174,0.174,0.261,0.435
서호철,22N,10,14,12,0,2,0,0,0,2,0,0,0,0,1,0,3,1,1,0,0.167,0.231,0.167,0.397
정진기,22N,10,14,13,0,2,0,0,0,2,0,0,0,1,0,0,5,1,0,0,0.154,0.214,0.154,0.368
김재환,22두,10,25,21,0,3,1,0,0,4,3,0,0,4,0,0,9,1,0,0,0.143,0.28,0.19,0.471
이대호,22롯,10,16,14,1,2,1,0,1,6,4,0,0,2,0,0,2,3,0,0,0.143,0.25,0.429,0.679
최주환,22S,10,18,17,2,2,0,0,1,5,2,0,0,1,0,0,5,0,0,0,0.118,0.167,0.294,0.461
심우준,22K,10,21,19,0,1,0,0,0,1,0,1,0,1,0,0,6,0,1,0,0.053,0.1,0.053,0.153
